,Id,Churn
0,0,0.0
1,1,0.0
2,2,0.0
3,3,0.0
4,4,0.0
5,5,3.5561649180948507e-09
6,6,0.0
7,7,0.0
8,8,0.0
9,9,2.220446049250313e-16
10,10,8.881784197001252e-16
11,11,0.0
12,12,2.220446049250313e-16
13,13,0.0
14,14,0.0003124408626529185
15,15,0.0
16,16,0.0
17,17,1.716404796070492e-13
18,18,7.127631818093505e-14
19,19,0.0
20,20,0.0
21,21,0.0
22,22,0.0
23,23,0.0
24,24,0.0
25,25,0.0743403683113576
26,26,0.0
27,27,9.39580713232857e-09
28,28,0.0
29,29,0.0
30,30,0.001532957045526917
31,31,0.0
32,32,6.661338147750939e-16
33,33,0.0
34,34,0.0
35,35,0.0
36,36,0.003919472633886811
37,37,0.0
38,38,4.3921949948178e-06
39,39,0.0
40,40,1.5912406414742009e-07
41,41,1.3622774495125611e-06
42,42,0.0
43,43,0.0
44,44,0.0
45,45,0.0
46,46,0.0
47,47,0.0
48,48,0.4716591104644944
49,49,0.44273898881810325
50,50,4.231422187750411e-06
51,51,0.0
52,52,0.0
53,53,0.0
54,54,0.0013751474823823218
55,55,0.0
56,56,0.0
57,57,0.0
58,58,0.0
59,59,0.43488156991003724
60,60,0.0
61,61,0.0
62,62,0.0
63,63,0.0
64,64,3.5293246436474135e-08
65,65,1.8499439757846403e-09
66,66,0.0
67,67,0.0
68,68,0.0
69,69,0.0017321697678280845
70,70,0.0
71,71,1.473721285483176e-05
72,72,0.0
73,73,4.440892098500626e-16
74,74,0.00010060452784632634
75,75,1.354472090042691e-14
76,76,0.0
77,77,0.6069938619391071
78,78,0.0
79,79,0.0
80,80,0.0
81,81,0.0
82,82,0.0
83,83,0.115865495171522
84,84,0.4270222841025637
85,85,0.0
86,86,0.0
87,87,0.0
88,88,0.0
89,89,0.4270222841025637
90,90,0.0
91,91,2.9474875873347628e-09
92,92,2.0994308193800215e-05
93,93,6.690203946391193e-13
94,94,0.0
95,95,0.0
96,96,0.0
97,97,0.00013007656794272737
98,98,0.0
99,99,0.11262373513533042
100,100,0.0
101,101,8.933362126928301e-06
102,102,0.0
103,103,0.0
104,104,0.0
105,105,3.4183310872681893e-05
106,106,0.0001603663072864414
107,107,0.0
108,108,0.0
109,109,0.0042181786105434105
110,110,0.0
111,111,0.0
112,112,0.0
113,113,2.9626265884985514e-08
114,114,0.0
115,115,4.594020597270543e-08
116,116,1.6448313866490594e-07
117,117,0.0
118,118,0.0012680193510731241
119,119,0.00012079513944762699
120,120,0.014456909778499227
121,121,0.0
122,122,0.0
123,123,0.0
124,124,0.0
125,125,4.036770917537069e-13
126,126,0.0
127,127,0.0
128,128,0.0
129,129,0.0
130,130,4.1578727871804944e-07
131,131,0.0
132,132,1.4876988529977098e-14
133,133,0.0
134,134,0.0
135,135,0.0
136,136,0.0
137,137,7.949196856316121e-14
138,138,0.0
139,139,0.0
140,140,0.0
141,141,0.0
142,142,0.0
143,143,0.0
144,144,0.0
145,145,0.0
146,146,0.0
147,147,2.458888648249058e-10
148,148,0.0
149,149,0.1408389650364238
150,150,0.0
151,151,0.0
152,152,8.881784197001252e-16
153,153,0.0001171098348476951
154,154,0.44144691199536756
155,155,2.0226341385098934e-06
156,156,0.005590663646532379
157,157,0.0
158,158,0.0
159,159,0.001201108001494422
160,160,0.0
161,161,0.0
162,162,0.0
163,163,0.0
164,164,0.0
165,165,0.0
166,166,0.0
167,167,0.0
168,168,4.977442735976112e-06
169,169,1.8592014594531747e-09
170,170,2.75055851307604e-05
171,171,0.0
172,172,0.0
173,173,0.0
174,174,0.00912478200313438
175,175,2.220446049250313e-16
176,176,8.881784197001252e-16
177,177,0.7287322695382097
178,178,0.0
179,179,1.5543122344752192e-15
180,180,0.0
181,181,8.54126360749774e-08
182,182,0.0
183,183,9.170041599160239e-05
184,184,0.0
185,185,9.909895126725132e-11
186,186,0.040849442849811846
187,187,0.0
188,188,0.006802423280239944
189,189,0.0
190,190,0.0
191,191,7.010703129139984e-11
192,192,0.0
193,193,0.0
194,194,0.004964170335329698
195,195,0.0
196,196,0.0
197,197,0.0
198,198,6.7272853954136735e-12
199,199,0.0
200,200,0.0
201,201,0.0
202,202,0.0
203,203,0.00157236232573843
204,204,0.0
205,205,0.0
206,206,0.0
207,207,0.0
208,208,2.158447990563417e-06
209,209,0.0
210,210,0.0
211,211,0.0
212,212,0.0
213,213,2.4424906541753444e-14
214,214,0.0
215,215,0.0
216,216,4.359469920711678e-05
217,217,0.00012554438232947884
218,218,0.0
219,219,0.0
220,220,0.0
221,221,0.0
222,222,0.0
223,223,0.00018069630278283455
224,224,0.008014815925164287
225,225,0.0
226,226,0.0
227,227,0.0
228,228,0.0
229,229,1.4304047901703143e-07
230,230,0.0
231,231,0.0
232,232,7.684963776455334e-13
233,233,5.421729731835967e-11
234,234,2.692257528025266e-10
235,235,5.087324430941287e-06
236,236,0.0
237,237,0.0
238,238,7.514708977307549e-07
239,239,1.2512250949781034e-06
240,240,0.2594403170943622
241,241,0.0
242,242,0.21784366753377582
243,243,0.0
244,244,0.16561548318908725
245,245,0.0
246,246,0.0
247,247,2.220446049250313e-16
248,248,0.0
249,249,1.9317880628477724e-14
250,250,4.707345624410664e-14
251,251,0.0
252,252,0.0
253,253,0.0
254,254,5.855376415075941e-05
255,255,0.009157655098074757
256,256,9.968811588434434e-07
257,257,4.884981308350689e-15
258,258,0.4173172701256599
259,259,7.176897406746541e-05
260,260,0.0
261,261,0.0
262,262,0.0
263,263,0.010408245781900916
264,264,1.2279066652354231e-13
265,265,0.3830795345634721
266,266,0.0
267,267,0.0
268,268,0.5013536526403335
269,269,0.0
270,270,0.0
271,271,1.2434497875801753e-14
272,272,1.5367707106861417e-12
273,273,0.0
274,274,0.0
275,275,0.0061421637330332235
276,276,0.0
277,277,0.0
278,278,0.0
279,279,0.0320038866820157
280,280,0.0
281,281,0.0
282,282,5.5788706987414116e-11
283,283,0.0
284,284,0.0
285,285,6.674721153565599e-08
286,286,0.0
287,287,0.0
288,288,0.0
289,289,0.0
290,290,0.0
291,291,0.0
292,292,0.0
293,293,0.17473397490544507
294,294,1.5135848540070995e-06
295,295,0.0
296,296,3.0013169969977938e-05
297,297,0.0
298,298,3.9968028886505635e-15
299,299,6.661338147750939e-16
300,300,0.0
301,301,0.0
302,302,0.0
303,303,0.0
304,304,0.0
305,305,0.1663512045883434
306,306,0.0
307,307,0.0
308,308,1.5543122344752192e-15
309,309,2.9162478657140944e-05
310,310,0.00808653660144254
311,311,0.0
312,312,0.0
313,313,0.0
314,314,0.0
315,315,4.664329367187747e-09
316,316,0.0
317,317,0.0
318,318,1.3083945661351848e-06
319,319,0.0
320,320,0.0
321,321,3.1587345072914275e-08
322,322,0.0
323,323,0.0008851022762934591
324,324,0.0
325,325,0.004667023723732955
326,326,0.0
327,327,0.0
328,328,0.0
329,329,0.0
330,330,0.0
331,331,2.339080040769659e-09
332,332,0.0
333,333,0.15778177862024423
334,334,0.0032964799145056567
335,335,0.0
336,336,0.0
337,337,0.4760992207452671
338,338,2.6990853996267106e-11
339,339,1.9317880628477724e-14
340,340,0.00013876729692130496
341,341,0.00019417252372500027
342,342,0.0
343,343,0.0
344,344,0.0
345,345,0.0
346,346,0.0
347,347,0.39376457591922365
348,348,7.593792261673116e-11
349,349,0.0
350,350,0.0
351,351,0.0
352,352,1.913180467050246e-06
353,353,0.0
354,354,0.0
355,355,0.0
356,356,2.682502767414885e-05
357,357,0.0
358,358,0.03231250193078328
359,359,0.0
360,360,0.0
361,361,2.0561108371452974e-11
362,362,0.0
363,363,0.0
364,364,0.0
365,365,2.6221025350992022e-11
366,366,0.0
367,367,0.0
368,368,0.0
369,369,2.220446049250313e-16
370,370,0.0
371,371,2.170571722359682e-08
372,372,0.0
373,373,7.765215958910332e-06
374,374,0.0
375,375,0.0
376,376,0.0
377,377,0.22999014609955537
378,378,0.0
379,379,0.0
380,380,0.0
381,381,0.0
382,382,0.0
383,383,0.0
384,384,0.0
385,385,0.0
386,386,0.0
387,387,0.0
388,388,1.5722978474741467e-12
389,389,0.0
390,390,0.009997815004376576
391,391,0.0
392,392,0.0
393,393,0.0
394,394,0.0
395,395,7.112639566209111e-08
396,396,0.0
397,397,0.00042361160909976103
398,398,0.0
399,399,0.0
400,400,0.0
401,401,0.0
402,402,0.0
403,403,0.0
404,404,0.0
405,405,0.0
406,406,5.682121440031551e-13
407,407,7.123488454741089e-05
408,408,0.438582466416242
409,409,2.7631312757181448e-05
410,410,0.0
411,411,0.0
412,412,0.0
413,413,0.0
414,414,0.4638429927165362
415,415,6.681277753273207e-11
416,416,5.1012709527342714e-05
417,417,1.227812675419493e-06
418,418,0.0
419,419,0.0
420,420,1.0011837914269961e-08
421,421,0.0
422,422,0.0
423,423,0.0
424,424,0.0
425,425,0.0
426,426,0.0
427,427,0.0
428,428,2.2530956560018467e-05
429,429,0.0
430,430,0.0
431,431,0.0
432,432,0.0068788276746831745
433,433,0.0014904687663153116
434,434,0.0
435,435,9.239051633747053e-07
436,436,1.1717938865896116e-06
437,437,0.0
438,438,0.0
439,439,3.683794580489064e-08
440,440,0.0
441,441,4.440892098500626e-16
442,442,0.0
443,443,0.015859714336720176
444,444,0.0
445,445,2.4424906541753444e-15
446,446,0.0
447,447,0.0
448,448,0.0
449,449,0.0
450,450,7.771561172376096e-15
451,451,0.00269833865443847
452,452,0.0
453,453,0.0
454,454,0.0
455,455,0.0
456,456,0.0
457,457,0.0
458,458,0.0
459,459,0.0
460,460,0.0
461,461,0.0
462,462,0.0
463,463,0.0001234647369749986
464,464,0.40128363748367957
465,465,0.2381618783580992
466,466,0.0
467,467,2.6430191368831402e-11
468,468,0.0
469,469,0.0
470,470,0.0
471,471,0.0
472,472,0.4677490730956707
473,473,0.0
474,474,0.0
475,475,0.0
476,476,0.0
477,477,0.0
478,478,0.0
479,479,0.0
480,480,0.0
481,481,0.0
482,482,8.881784197001252e-16
483,483,0.01031832231184826
484,484,1.0119887858817123e-05
485,485,0.0
486,486,5.262457136723242e-14
487,487,0.0
488,488,3.2103182334708436e-09
489,489,0.0
490,490,0.00014639453175058215
491,491,0.38182341745513415
492,492,0.0
493,493,0.0
494,494,1.600748422703191e-10
495,495,0.0
496,496,0.0
497,497,0.0
498,498,0.0013531687200518672
499,499,0.0
500,500,2.6171516953610308e-08
501,501,0.0
502,502,0.317672052297876
503,503,0.0
504,504,0.0
505,505,0.0
506,506,0.0
507,507,0.0
508,508,1.6231587185444596e-09
509,509,0.0
510,510,0.027076034414784123
511,511,0.0
512,512,0.004492479036611985
513,513,0.0
514,514,0.0
515,515,0.0
516,516,0.0
517,517,6.174612321818707e-05
518,518,0.0
519,519,0.0
520,520,0.0
521,521,0.0
522,522,3.19211324040225e-12
523,523,0.0
524,524,4.463334928339613e-05
525,525,0.013216453523696048
526,526,2.0777986798226067e-05
527,527,0.0
528,528,0.0
529,529,0.0
530,530,0.0
531,531,0.0
532,532,0.04316631379148694
533,533,0.0
534,534,5.264695860374147e-07
535,535,0.007107272552584365
536,536,1.7443357869240117e-10
537,537,1.9153668762150744e-08
538,538,0.0
539,539,0.0
540,540,0.0
541,541,1.021405182655144e-13
542,542,0.0
543,543,0.0
544,544,0.0
545,545,0.00014607630965546292
546,546,3.5401079956365322e-06
547,547,0.0
548,548,0.0
549,549,4.884981308350689e-15
550,550,2.9073410345858974e-11
551,551,0.0
552,552,0.0
553,553,0.0
554,554,0.0
555,555,0.0
556,556,0.0
557,557,0.0
558,558,0.0
559,559,4.958584653991238e-09
560,560,1.3371440843457094e-08
561,561,2.6201263381153694e-12
562,562,2.2886756934070718e-09
563,563,1.6329989549479507e-05
564,564,0.0
565,565,0.45330330615050185
566,566,4.2089887131169235e-11
567,567,0.0018613671498445283
568,568,0.0
569,569,0.0
570,570,0.0
571,571,0.0
572,572,2.1094237467877974e-14
573,573,0.23091579820322472
574,574,0.0
575,575,0.0
576,576,6.661338147750939e-16
577,577,0.0
578,578,0.0
579,579,4.440892098500626e-16
580,580,0.0
581,581,3.154365657564995e-11
582,582,0.0
583,583,0.0
584,584,0.0
585,585,9.707634696098921e-11
586,586,0.0
587,587,0.0
588,588,3.6741847861954113e-06
589,589,0.0
590,590,6.014258930875371e-07
591,591,0.0
592,592,8.010266844049596e-06
593,593,0.0
594,594,0.0
595,595,0.0
596,596,0.0
597,597,0.0
598,598,0.002065612331369704
599,599,0.0
600,600,0.0
601,601,8.995693079327793e-12
602,602,0.0
603,603,0.0
604,604,0.0
605,605,0.0
606,606,0.0003243110728257115
607,607,0.0
608,608,0.0
609,609,0.0
610,610,0.0
611,611,0.2265736576748204
612,612,1.1618704557347925e-06
613,613,3.739246240419547e-07
614,614,0.0
615,615,2.5160949768121554e-08
616,616,0.0
617,617,0.0
618,618,8.838457343784967e-08
619,619,4.92876739421888e-09
620,620,2.8399504969911504e-12
621,621,0.0
622,622,0.00013742226833857174
623,623,9.483209810734472e-05
624,624,0.0
625,625,0.0
626,626,4.315248158803797e-10
627,627,0.0010176336662683916
628,628,0.0
629,629,0.0
630,630,0.0
631,631,3.792433034277565e-11
632,632,0.0
633,633,1.7021779263881598e-07
634,634,3.301292572643888e-11
635,635,1.1119105636225868e-11
636,636,0.0
637,637,0.0
638,638,0.0
639,639,0.0
640,640,0.00011239349768854545
641,641,0.0
642,642,0.0
643,643,0.0
644,644,0.40913125277548124
645,645,0.0
646,646,0.0
647,647,0.0
648,648,0.0
649,649,1.2188960951675654e-10
650,650,0.0
651,651,1.3813172827781273e-11
652,652,0.0
653,653,0.0
654,654,0.0
655,655,0.0
656,656,0.0
657,657,0.0
658,658,0.0
659,659,0.0
660,660,1.6281266287831997e-05
661,661,0.0
662,662,0.0
663,663,0.0
664,664,0.0
665,665,0.0
666,666,4.216794115197153e-05
667,667,0.0
668,668,0.0
669,669,0.0
670,670,0.0005323053388851529
671,671,0.0
672,672,0.0
673,673,0.0
674,674,0.0
675,675,0.0
676,676,0.0
677,677,0.0
678,678,0.0
679,679,7.356100297783996e-07
680,680,0.011075279275506
681,681,0.0
682,682,0.0002004820532528484
683,683,0.0002471651088019611
684,684,0.0
685,685,0.23461533704076454
686,686,0.029037267900785535
687,687,0.0
688,688,0.000683854305530307
689,689,0.0
690,690,0.0
691,691,0.0
692,692,0.0
693,693,6.661338147750939e-16
694,694,0.0
695,695,0.0
696,696,0.0
697,697,6.392486318063106e-09
698,698,0.0
699,699,0.0
700,700,4.44446524028308e-08
701,701,0.0
702,702,0.0
703,703,0.0017612205552176574
704,704,2.2848379246376282e-06
705,705,0.0
706,706,0.5794125042095853
707,707,0.00010350968776862146
708,708,0.0
709,709,0.0
710,710,0.0
711,711,0.0
712,712,0.0
713,713,0.4599280533584186
714,714,0.0
715,715,0.0
716,716,1.9761969838327786e-14
717,717,0.0
718,718,4.3228337021083973e-08
719,719,6.244925521148303e-08
720,720,0.0066183330656343076
721,721,0.0
722,722,0.0
723,723,0.0012757782584821298
724,724,0.0
725,725,1.0146018058820871e-05
726,726,1.9463075595638202e-10
727,727,0.0
728,728,0.0
729,729,0.00022045054246255802
730,730,5.337952302397753e-13
731,731,0.0
732,732,2.441544300069154e-09
733,733,0.0
734,734,0.0
735,735,0.00024819948713428186
736,736,0.0
737,737,0.0
738,738,0.0
739,739,0.0
740,740,0.0
741,741,4.26662009544998e-06
742,742,0.0
743,743,0.0019392012860841579
744,744,0.0038585990986643726
745,745,0.0
746,746,0.0
747,747,0.0
748,748,1.554312234475219e-14
749,749,0.0
750,750,3.118162805737512e-08
751,751,0.0
752,752,0.0
753,753,0.0
754,754,1.73794312274822e-12
755,755,0.0
756,756,0.0
757,757,0.0
758,758,0.0
759,759,1.1764510925438287e-06
760,760,0.0
761,761,0.0
762,762,0.11748302417052348
763,763,0.0
764,764,0.0
765,765,0.0
766,766,0.0
767,767,0.7303716773068967
768,768,0.05727505054024651
769,769,0.0
770,770,0.0
771,771,0.0568213395164201
772,772,6.661338147750939e-16
773,773,0.24349973748843956
774,774,5.164979555161153e-12
775,775,0.0
776,776,0.0
777,777,0.00040543277893845264
778,778,0.0
779,779,0.0
780,780,0.0
781,781,0.0
782,782,0.0
783,783,0.001479741871267981
784,784,0.0
785,785,7.873384166856567e-10
786,786,0.033355087711223086
787,787,0.0
788,788,0.0
789,789,0.0
790,790,0.0
791,791,1.7319479184152442e-14
792,792,0.0
793,793,0.0
794,794,0.0
795,795,0.0
796,796,0.0
797,797,0.0
798,798,0.0
799,799,0.0
800,800,0.0
801,801,0.0
802,802,3.596785091986021e-10
803,803,7.706530968931702e-10
804,804,9.402230105592935e-10
805,805,0.0
806,806,1.9682689245126284e-07
807,807,4.755799942302019e-06
808,808,0.0
809,809,0.0
810,810,0.029569074723570177
811,811,0.0
812,812,0.0
813,813,0.0
814,814,0.0
815,815,7.967460813440574e-06
816,816,0.0
817,817,0.0
818,818,2.9243274468626623e-11
819,819,0.0
820,820,0.0
821,821,1.8992734052147853e-09
822,822,7.264477908108802e-11
823,823,0.0
824,824,0.0
825,825,0.00016744359499110129
826,826,1.303682223530167e-05
827,827,0.0
828,828,0.0
829,829,0.0
830,830,1.7311726829838392e-08
831,831,0.00011417155333726114
832,832,0.4630454977090571
833,833,0.0
834,834,0.0
835,835,4.8992754297927377e-08
836,836,0.0
837,837,0.0
838,838,0.0
839,839,1.3153922395758855e-12
840,840,0.3807283942416436
841,841,0.4443884722732312
842,842,0.0
843,843,0.00556455254976429
844,844,1.3766765505351941e-14
845,845,4.130685532521827e-05
846,846,1.9984014443252818e-15
847,847,2.4075336988782503e-05
848,848,0.0
849,849,2.027145384886353e-08
850,850,0.0
851,851,2.5826350429136724e-05
852,852,1.5341061754270413e-12
853,853,3.979039320256561e-13
854,854,1.981229399206086e-06
855,855,0.0
856,856,4.988241775194524e-08
857,857,0.0
858,858,2.4424906541753444e-15
859,859,0.0
860,860,0.0
861,861,0.0
862,862,0.0
863,863,0.0024983891872023545
864,864,0.0
865,865,0.0
866,866,0.0
867,867,0.00019141435882064073
868,868,0.016420234207326634
869,869,0.0
870,870,0.0
871,871,0.0
872,872,0.0
873,873,0.0001316317333566186
874,874,0.0
875,875,0.0032442213294605615
876,876,0.0
877,877,0.0
878,878,4.7056136764922485e-11
879,879,0.0
880,880,0.0
881,881,1.1223206197730207e-07
882,882,2.220446049250313e-16
883,883,6.661338147750939e-16
884,884,0.0
885,885,4.023032573741148e-09
886,886,0.0
887,887,5.911602318775522e-10
888,888,0.0
889,889,0.0
890,890,2.2870594307278225e-14
891,891,0.0
892,892,1.9317880628477724e-13
893,893,6.291913146050376e-07
894,894,0.0008572621716124162
895,895,0.03413206988455264
896,896,0.0
897,897,0.0
898,898,0.0
899,899,1.3635786277887973e-08
900,900,0.0
901,901,0.0
902,902,0.0
903,903,5.109815552906127e-07
904,904,1.3322676295501878e-15
905,905,5.401690206241483e-10
906,906,2.4868995751603507e-14
907,907,0.0
908,908,3.6111336143562767e-11
909,909,6.45281325040159e-07
910,910,0.0
911,911,5.015993564949639e-07
912,912,0.0
913,913,4.85838719055387e-06
914,914,0.0
915,915,0.0
916,916,2.220446049250313e-16
917,917,0.0
918,918,0.44051601443056265
919,919,4.439627509955635e-06
920,920,0.0
921,921,0.0
922,922,0.0
923,923,0.0
924,924,1.078328537573725e-10
925,925,0.0060104249289490985
926,926,0.0
927,927,0.4610945594674454
928,928,5.809301302839298e-05
929,929,0.0
930,930,0.00016524289518726754
931,931,0.012282731226462618
932,932,0.0
933,933,0.017293442442267604
934,934,0.0
935,935,0.0
936,936,3.002387227724057e-10
937,937,0.0
938,938,0.0
939,939,0.0
940,940,0.0
941,941,0.0014900340641508247
942,942,0.0
943,943,0.0
944,944,0.0
945,945,0.0
946,946,0.0
947,947,0.0
948,948,0.0
949,949,0.0
950,950,2.4413848961346574e-05
951,951,0.0011887252548843374
952,952,0.44747463138589205
953,953,1.4099009071344426e-08
954,954,0.0
955,955,0.0
956,956,0.0
957,957,0.0
958,958,0.0
959,959,0.005928890167191225
960,960,2.8583604950394026e-05
961,961,0.0
962,962,0.0
963,963,4.408695630786497e-12
964,964,0.0
965,965,0.0
966,966,0.0
967,967,0.0
968,968,0.0
969,969,0.0
970,970,0.0
971,971,0.0
972,972,1.4027485395473605e-08
973,973,0.0
974,974,0.0
975,975,0.0
976,976,0.0
977,977,0.0
978,978,0.0
979,979,0.0
980,980,0.0
981,981,4.440892098500626e-16
982,982,0.00012846863277027332
983,983,0.0
984,984,0.008209378403204903
985,985,0.0
986,986,0.0
987,987,0.0
988,988,0.005087049236422225
989,989,0.0
990,990,0.0
991,991,2.220446049250313e-16
992,992,0.0
993,993,0.08559797875838515
994,994,0.1468593802046283
995,995,0.0
996,996,0.16392984371082342
997,997,0.0
998,998,2.3935924295503952e-05
999,999,0.0
1000,1000,3.54694051907245e-12
1001,1001,0.0
1002,1002,0.4193587462442392
1003,1003,0.0
1004,1004,0.0
1005,1005,2.05613304160579e-13
1006,1006,0.0
1007,1007,0.0
1008,1008,0.0
1009,1009,0.0
1010,1010,0.00013603966176900517
1011,1011,0.0
1012,1012,0.1179118049677419
1013,1013,0.0
1014,1014,0.0
1015,1015,1.9093615577503442e-12
1016,1016,5.284661597215745e-14
1017,1017,0.0062311030717703275
1018,1018,0.09100303696114698
1019,1019,1.525325456441795e-05
1020,1020,0.0
1021,1021,0.0
1022,1022,0.0
1023,1023,1.943911698276679e-11
1024,1024,4.521811616253757e-07
1025,1025,9.185635131869763e-05
1026,1026,0.0
1027,1027,9.92420272094563e-06
1028,1028,0.0
1029,1029,1.756172984812565e-11
1030,1030,0.0
1031,1031,0.0
1032,1032,0.0
1033,1033,0.0
1034,1034,3.879677260343328e-06
1035,1035,0.0020584758603953146
1036,1036,3.439567794472076e-06
1037,1037,0.0
1038,1038,0.0
1039,1039,2.6210709158647205e-09
1040,1040,0.0
1041,1041,0.0
1042,1042,0.0
1043,1043,0.0
1044,1044,0.0
1045,1045,9.769962616701378e-15
1046,1046,2.77511097233063e-05
1047,1047,3.352873534367973e-14
1048,1048,0.0
1049,1049,0.0
1050,1050,0.0
1051,1051,0.0
1052,1052,0.0
1053,1053,0.0
1054,1054,0.0
1055,1055,0.0
1056,1056,0.0
1057,1057,0.0
1058,1058,8.230088035199312e-05
1059,1059,0.0
1060,1060,0.0
1061,1061,0.0
1062,1062,0.0
1063,1063,0.0008361332917991016
1064,1064,0.0
1065,1065,8.904470494286443e-10
1066,1066,0.12397327962677296
1067,1067,0.0
1068,1068,0.0
1069,1069,2.6645352591003757e-15
1070,1070,0.0
1071,1071,0.01238991820869384
1072,1072,0.0026092921690238358
1073,1073,0.0
1074,1074,0.0
1075,1075,0.0
1076,1076,0.0
1077,1077,0.0
1078,1078,0.0
1079,1079,0.0
1080,1080,2.8366584863270816e-06
1081,1081,1.533523308339113e-08
1082,1082,0.12265904155557272
1083,1083,0.0
1084,1084,0.0
1085,1085,1.222340569873026e-07
1086,1086,0.0
1087,1087,3.474563625704974e-08
1088,1088,0.0
1089,1089,3.1348892370886006e-09
1090,1090,0.0
1091,1091,0.0
1092,1092,0.0
1093,1093,0.0
1094,1094,0.0
1095,1095,0.0
1096,1096,0.0
1097,1097,0.0
1098,1098,1.7464918400378338e-11
1099,1099,0.0
1100,1100,0.0
1101,1101,2.146482991349785e-11
1102,1102,0.0
1103,1103,0.0
1104,1104,8.84912143561678e-10
1105,1105,0.0
1106,1106,0.0
1107,1107,1.6269855279693601e-06
1108,1108,0.0
1109,1109,0.0
1110,1110,5.551389103186644e-06
1111,1111,0.0
1112,1112,0.0
1113,1113,0.0
1114,1114,0.0
1115,1115,0.0
1116,1116,0.0
1117,1117,0.0
1118,1118,0.019748511062711582
1119,1119,0.0
1120,1120,0.0
1121,1121,0.05209374746578954
1122,1122,1.266300000002385e-05
1123,1123,0.0
1124,1124,0.0
1125,1125,0.0
1126,1126,0.0
1127,1127,0.0
1128,1128,4.440892098500626e-16
1129,1129,3.552713678800501e-15
1130,1130,0.0
1131,1131,2.1250716912613044e-05
1132,1132,0.0
1133,1133,0.0
1134,1134,0.002865792227965347
1135,1135,0.006979788260696451
1136,1136,0.0
1137,1137,0.0
1138,1138,0.012066528875112281
1139,1139,0.0
1140,1140,4.440892098500626e-16
1141,1141,0.0
1142,1142,0.0034070843922935357
1143,1143,0.0
1144,1144,0.0
1145,1145,0.0
1146,1146,3.6743086129220615e-08
1147,1147,0.0
1148,1148,0.0
1149,1149,0.0
1150,1150,0.0
1151,1151,0.0
1152,1152,0.0
1153,1153,2.4424906541753444e-15
1154,1154,5.688027826522557e-11
1155,1155,0.527483699748045
1156,1156,5.484501741648273e-14
1157,1157,0.3112439327829858
1158,1158,0.009191182109417384
1159,1159,4.937346008271337e-05
1160,1160,2.424727085781342e-13
1161,1161,0.0
1162,1162,0.0
1163,1163,0.0
1164,1164,0.0
1165,1165,1.7252245965160284e-08
1166,1166,0.0
1167,1167,0.0
1168,1168,0.16064200314030597
1169,1169,0.0
1170,1170,0.0
1171,1171,0.0
1172,1172,0.0
1173,1173,0.0
1174,1174,0.004410978619375894
1175,1175,6.432410160073232e-12
1176,1176,0.0
1177,1177,0.0
1178,1178,0.0
1179,1179,0.0
1180,1180,6.661338147750939e-16
1181,1181,0.0
1182,1182,0.0
1183,1183,0.0
1184,1184,0.0
1185,1185,0.0
1186,1186,0.0
1187,1187,0.0
1188,1188,4.440892098500626e-16
1189,1189,0.06029053072170121
1190,1190,0.0
1191,1191,0.0
1192,1192,0.0
1193,1193,0.0
1194,1194,0.0
1195,1195,0.0
1196,1196,0.0
1197,1197,0.0
1198,1198,0.0
1199,1199,0.0
1200,1200,1.1102230246251565e-15
1201,1201,1.6644463585180347e-12
1202,1202,0.0
1203,1203,2.1147501569895866e-06
1204,1204,0.0
1205,1205,0.0
1206,1206,0.0
1207,1207,0.0
1208,1208,0.0
1209,1209,0.0
1210,1210,0.0
1211,1211,0.0
1212,1212,0.0
1213,1213,8.864703344602098e-06
1214,1214,0.0
1215,1215,0.0
1216,1216,0.050023642228650966
1217,1217,0.0
1218,1218,3.5861091873812256e-11
1219,1219,0.0
1220,1220,2.6645352591003757e-15
1221,1221,0.0
1222,1222,4.613327327818162e-06
1223,1223,0.0
1224,1224,0.0
1225,1225,0.0
1226,1226,4.404917726130719e-06
1227,1227,0.0
1228,1228,4.353347160535037e-08
1229,1229,2.520508099468355e-05
1230,1230,6.279421427279885e-13
1231,1231,0.007951496114265266
1232,1232,6.661338147750939e-16
1233,1233,0.0
1234,1234,0.10720142942455024
1235,1235,0.0
1236,1236,4.420119392156696e-05
1237,1237,0.0
1238,1238,0.0
1239,1239,0.0
1240,1240,0.0
1241,1241,0.08417087653922639
1242,1242,3.1228353236656403e-12
1243,1243,4.992578458429264e-07
1244,1244,0.0
1245,1245,0.0
1246,1246,0.007368121642391534
1247,1247,0.0
1248,1248,0.0
1249,1249,0.0
1250,1250,0.0
1251,1251,0.0
1252,1252,5.078160114635466e-13
1253,1253,0.00011008165292225591
1254,1254,0.0
1255,1255,0.0
1256,1256,0.0021185204888442
1257,1257,0.0
1258,1258,0.0
1259,1259,0.4137743353487703
1260,1260,4.1228072392707205e-06
1261,1261,0.0
1262,1262,0.48144838501030773
1263,1263,0.0
1264,1264,2.4868995751603507e-14
1265,1265,0.4400326545478338
1266,1266,0.0
1267,1267,0.0
1268,1268,0.0
1269,1269,0.0
1270,1270,0.0
1271,1271,2.357416484244368e-10
1272,1272,0.010817236492714155
1273,1273,3.5739023962477745e-08
1274,1274,2.213447425347681e-09
1275,1275,0.0
1276,1276,0.0
1277,1277,0.0
1278,1278,1.1466826419392895e-05
1279,1279,0.0
1280,1280,0.0
1281,1281,3.2804380585504944e-05
1282,1282,0.0
1283,1283,0.4794757949260491
1284,1284,0.0
1285,1285,0.0
1286,1286,0.0
1287,1287,0.0
1288,1288,4.819499632713331e-08
1289,1289,0.0
1290,1290,5.859193130675067e-10
1291,1291,0.0
1292,1292,0.0
1293,1293,0.0
1294,1294,0.0
1295,1295,0.0
1296,1296,0.0
1297,1297,3.5329335013045693e-09
1298,1298,1.3635186313365466e-09
1299,1299,1.468312849084441e-08
1300,1300,0.0
1301,1301,3.825700682247302e-06
1302,1302,0.0
1303,1303,7.177103356070802e-11
1304,1304,0.0
1305,1305,0.0
1306,1306,0.0
1307,1307,0.0
1308,1308,0.0
1309,1309,0.00010357732787535934
1310,1310,0.0
1311,1311,0.0
1312,1312,0.0
1313,1313,7.117936129397151e-08
1314,1314,4.3102998847910357e-07
1315,1315,0.0
1316,1316,6.861178292183467e-14
1317,1317,0.0
1318,1318,0.002863472281599
1319,1319,0.0
1320,1320,0.0
1321,1321,0.0
1322,1322,0.39563978004311273
1323,1323,0.0
1324,1324,0.0
1325,1325,0.0
1326,1326,0.0
1327,1327,0.1119643960021568
1328,1328,0.0
1329,1329,4.2732484217822275e-12
1330,1330,5.67323965583455e-13
1331,1331,0.09882665076781239
1332,1332,0.0
1333,1333,0.0
1334,1334,9.769962616701378e-15
1335,1335,2.0672332523563597e-07
1336,1336,0.0
1337,1337,0.0
1338,1338,0.0
1339,1339,3.5697802491796438e-09
1340,1340,2.641627595556528e-07
1341,1341,5.082907428288763e-10
1342,1342,3.4137137561174313e-12
1343,1343,0.0005876058821093766
1344,1344,0.0
1345,1345,0.0
1346,1346,0.0
1347,1347,2.9737690088182944e-09
1348,1348,0.14578136798922847
1349,1349,0.0015160251805459435
1350,1350,1.964339135795967e-09
1351,1351,9.661344498868019e-07
1352,1352,0.0
1353,1353,0.0
1354,1354,0.3937846853892485
1355,1355,1.1631434873038415e-06
1356,1356,0.0
1357,1357,0.0
1358,1358,9.357770114348796e-10
1359,1359,3.3306690738754696e-15
1360,1360,0.0
1361,1361,0.00013461726633690052
1362,1362,0.0
1363,1363,3.703279001998627e-05
1364,1364,0.0
1365,1365,0.0
1366,1366,0.45231506693050794
1367,1367,0.0
1368,1368,0.0
1369,1369,0.0
1370,1370,0.0
1371,1371,0.12288360467099135
1372,1372,0.0
1373,1373,0.0
1374,1374,0.0
1375,1375,0.0
1376,1376,3.51260101838502e-06
1377,1377,1.2105071962587033e-05
1378,1378,0.0
1379,1379,0.0
1380,1380,4.3926373205493974e-07
1381,1381,0.0
1382,1382,0.0
1383,1383,5.10702591327572e-15
1384,1384,0.0
1385,1385,0.0
1386,1386,1.7662808660112717e-08
1387,1387,0.0
1388,1388,0.0
1389,1389,0.0
1390,1390,0.08229623630202232
1391,1391,0.0
1392,1392,7.378550359593561e-08
1393,1393,0.0
1394,1394,0.0
1395,1395,6.545874953189923e-13
1396,1396,0.0
1397,1397,0.0
1398,1398,0.0
1399,1399,0.0
1400,1400,0.0
1401,1401,0.0
1402,1402,0.4061800092277582
1403,1403,0.0
1404,1404,0.0
1405,1405,0.0
1406,1406,0.4494160001646216
1407,1407,0.388157909643261
1408,1408,0.00011340727860109645
1409,1409,0.0
1410,1410,0.0
1411,1411,0.0
1412,1412,1.4699711944343719e-06
1413,1413,0.0019929744313990083
1414,1414,0.00015427364029008128
1415,1415,0.49986226420425084
1416,1416,0.0
1417,1417,3.086420008457935e-14
1418,1418,0.0
1419,1419,0.0
1420,1420,1.458605618653852e-05
1421,1421,4.440892098500626e-16
1422,1422,0.0
1423,1423,0.0
1424,1424,0.0
1425,1425,0.29444520485166403
1426,1426,0.0
1427,1427,3.0802612878244595e-05
1428,1428,2.220446049250313e-16
1429,1429,2.9582335813738148e-05
1430,1430,0.0
1431,1431,7.510582914405095e-05
1432,1432,4.7192916241556304e-11
1433,1433,0.0
1434,1434,1.3562752575135839e-05
1435,1435,0.0
1436,1436,0.0
1437,1437,0.0
1438,1438,0.0
1439,1439,0.0
1440,1440,0.44245136877093616
1441,1441,0.0
1442,1442,0.0
1443,1443,0.0
1444,1444,0.0
1445,1445,0.0
1446,1446,0.0
1447,1447,0.0
1448,1448,0.0
1449,1449,4.6635674016748396e-05
1450,1450,3.487028443771578e-10
1451,1451,9.267327511697232e-05
1452,1452,1.5617373771981136e-07
1453,1453,0.0
1454,1454,0.0
1455,1455,0.0
1456,1456,0.0
1457,1457,0.0
1458,1458,0.0
1459,1459,0.00010977819342905537
1460,1460,0.00010031073143912383
1461,1461,0.0
1462,1462,4.9013115788199e-09
1463,1463,0.4482676970575793
1464,1464,0.001200238144496324
1465,1465,0.0
1466,1466,0.0
1467,1467,0.0
1468,1468,0.0
1469,1469,2.1094675795030327e-07
1470,1470,2.4070295201461533e-08
1471,1471,0.0
1472,1472,0.0012191634537083162
1473,1473,0.0
1474,1474,2.1162023688958698e-08
1475,1475,1.1102230246251565e-13
1476,1476,0.02765000884937907
1477,1477,0.0
1478,1478,0.0
1479,1479,0.0
1480,1480,0.0
1481,1481,0.3855354616143346
1482,1482,8.911316129456281e-12
1483,1483,0.0
1484,1484,0.0
1485,1485,0.4630454977090571
1486,1486,0.0
1487,1487,0.0
1488,1488,0.0
1489,1489,0.0
1490,1490,0.145878697462963
1491,1491,0.0
1492,1492,0.0
1493,1493,0.0
1494,1494,0.0
1495,1495,0.0
1496,1496,0.0
1497,1497,0.0
1498,1498,0.0
1499,1499,0.0
1500,1500,0.0
1501,1501,0.005219683368286487
1502,1502,0.0
1503,1503,0.0
1504,1504,5.642945348771633e-07
1505,1505,0.0
1506,1506,0.0
1507,1507,0.0
1508,1508,0.0
1509,1509,0.0
1510,1510,0.0
1511,1511,0.0
1512,1512,0.0
1513,1513,0.0
1514,1514,0.0
1515,1515,0.0
1516,1516,0.0
1517,1517,0.02475883063650086
1518,1518,0.0
1519,1519,0.0
1520,1520,0.0
1521,1521,0.0
1522,1522,4.402193691799283e-06
1523,1523,0.0
1524,1524,0.0
1525,1525,0.0
1526,1526,0.0
1527,1527,0.0
1528,1528,2.2870594307278225e-14
1529,1529,0.0
1530,1530,0.0
1531,1531,0.0
1532,1532,3.2534686056351347e-10
1533,1533,0.0
1534,1534,0.0
1535,1535,0.0
1536,1536,0.0
1537,1537,0.0
1538,1538,0.0
1539,1539,0.0
1540,1540,0.23215635698950488
1541,1541,0.0
1542,1542,0.0
1543,1543,1.5869527913991988e-12
1544,1544,0.0
1545,1545,0.0
1546,1546,0.14455465437093418
1547,1547,0.0
1548,1548,0.0
1549,1549,0.0
1550,1550,4.6580206736202e-06
1551,1551,7.333624041372389e-08
1552,1552,0.0
1553,1553,0.0
1554,1554,0.0
1555,1555,0.0
1556,1556,0.0
1557,1557,0.0
1558,1558,0.0
1559,1559,0.0
1560,1560,0.0
1561,1561,0.005217199640468739
1562,1562,0.06221283146751222
1563,1563,3.552713678800501e-15
1564,1564,0.0
1565,1565,0.0
1566,1566,0.0
1567,1567,0.0
1568,1568,0.0005941107276217217
1569,1569,0.0
1570,1570,0.1860249636038942
1571,1571,0.0
1572,1572,0.0
1573,1573,0.0
1574,1574,3.787048375603064e-05
1575,1575,2.4562636014135997e-05
1576,1576,0.0
1577,1577,0.0
1578,1578,0.0
1579,1579,0.0
1580,1580,0.00015095617872751266
1581,1581,0.0
1582,1582,0.44747463138589205
1583,1583,0.0
1584,1584,0.0012671192029956035
1585,1585,0.0018745356115315026
1586,1586,0.0
1587,1587,0.0
1588,1588,0.0
1589,1589,0.0
1590,1590,0.0
1591,1591,0.0
1592,1592,0.00012168449198224351
1593,1593,0.0
1594,1594,2.220446049250313e-16
1595,1595,0.0
1596,1596,0.0
1597,1597,0.14738390222191033
1598,1598,0.0
1599,1599,0.0
1600,1600,1.8207657603852567e-14
1601,1601,0.0
1602,1602,4.2911230124786925e-10
1603,1603,0.0
1604,1604,0.0
1605,1605,0.0
1606,1606,0.0
1607,1607,0.0
1608,1608,7.977250271462566e-08
1609,1609,0.0
1610,1610,0.0
1611,1611,0.0
1612,1612,0.0
1613,1613,0.0
1614,1614,0.0
1615,1615,0.3613873716746767
1616,1616,0.0
1617,1617,4.11448652926083e-13
1618,1618,0.004775979375353567
1619,1619,0.0053937760579774174
1620,1620,0.0
1621,1621,3.086420008457935e-14
1622,1622,0.0
1623,1623,0.00047983816462526807
1624,1624,6.237232952344129e-13
1625,1625,0.0
1626,1626,0.0
1627,1627,0.0
1628,1628,0.0005360780797597497
1629,1629,0.0
1630,1630,0.0
1631,1631,0.0
1632,1632,1.2217313494211623e-08
1633,1633,0.01754896204277545
1634,1634,0.0
1635,1635,5.029203720141595e-10
1636,1636,5.884319185245346e-06
1637,1637,3.2039123507243694e-05
1638,1638,0.0005368021465181894
1639,1639,0.0
1640,1640,0.005765432688725647
1641,1641,0.0
1642,1642,4.743746791047165e-06
1643,1643,0.0
1644,1644,0.0
1645,1645,0.0
1646,1646,0.0
1647,1647,0.0
1648,1648,0.0
1649,1649,2.1938006966593093e-13
1650,1650,0.0
1651,1651,0.02594108644937987
1652,1652,0.09314530240208407
1653,1653,0.0
1654,1654,2.5996982344622666e-12
1655,1655,0.004602908489869106
1656,1656,2.220446049250313e-16
1657,1657,0.0
1658,1658,0.0
1659,1659,0.0
1660,1660,0.0
1661,1661,0.0
1662,1662,0.0
1663,1663,0.0
1664,1664,0.0883295963344457
1665,1665,0.00011781248570408298
1666,1666,0.0
1667,1667,0.0
1668,1668,0.0
1669,1669,0.0
1670,1670,9.426788726252244e-05
1671,1671,0.3913416627047649
1672,1672,0.0
1673,1673,0.0
1674,1674,0.04220467792831328
1675,1675,1.8762769116165146e-13
1676,1676,1.9411482685693926e-06
1677,1677,0.0
1678,1678,0.0
1679,1679,0.25367930412046513
1680,1680,0.0
1681,1681,0.0
1682,1682,5.242428713359004e-11
1683,1683,0.0
1684,1684,2.2321031689642723e-09
1685,1685,0.0010032509118385047
1686,1686,0.0
1687,1687,0.0
1688,1688,0.0
1689,1689,0.0
1690,1690,0.0
1691,1691,0.0
1692,1692,0.0
1693,1693,0.0
1694,1694,0.0
1695,1695,1.7064127888488656e-12
1696,1696,0.0
1697,1697,0.0
1698,1698,0.0
1699,1699,0.0
1700,1700,0.0
1701,1701,4.561577782169479e-10
1702,1702,0.0
1703,1703,0.0
1704,1704,0.0
1705,1705,0.0
1706,1706,0.012538671164506465
1707,1707,0.0
1708,1708,0.0
1709,1709,0.0
1710,1710,0.0
1711,1711,0.40807453972697094
1712,1712,0.0
1713,1713,0.0008765323057287056
1714,1714,0.0
1715,1715,2.220446049250313e-16
1716,1716,0.0
1717,1717,0.0
1718,1718,0.0010096048186895024
1719,1719,0.0
1720,1720,1.3322676295501878e-15
1721,1721,0.007034374027951262
1722,1722,4.6635973371955686e-06
1723,1723,1.942002114674324e-12
1724,1724,7.515682203240726e-05
1725,1725,0.0
1726,1726,0.0
1727,1727,0.0
1728,1728,7.833733661755105e-13
1729,1729,4.965259460254501e-07
1730,1730,0.0
1731,1731,2.6584734238443986e-06
1732,1732,0.0
1733,1733,6.296518861859113e-12
1734,1734,0.0
1735,1735,0.0
1736,1736,2.6645352591003757e-15
1737,1737,0.0
1738,1738,1.3549628086195753e-10
1739,1739,0.0
1740,1740,0.0
1741,1741,0.0
1742,1742,0.0
1743,1743,0.0
1744,1744,0.0009090614770770333
1745,1745,0.0007698989212089336
1746,1746,0.4895817665942712
1747,1747,0.0
1748,1748,0.0
1749,1749,5.773159728050814e-15
1750,1750,2.220446049250313e-16
1751,1751,1.393764962509536e-05
1752,1752,0.0
1753,1753,4.529709940470639e-14
1754,1754,0.33626208145426983
1755,1755,0.0
1756,1756,0.0
1757,1757,0.0005836849645943776
1758,1758,2.4730685943552544e-08
1759,1759,0.0
1760,1760,0.0
